
Brown BRWN,#4 Duke DUKE,"DUKE 75, BRWN 50",Vernon Carey Jr. 19 Pts,Brandon Anderson 16 Pts
New Orleans UNO,#9 Memphis MEM,"MEM 97, UNO 55",Precious Achiuwa 18 Pts,Troy Green 22 Pts
UL Monroe ULM,#12 Butler BUT,"BUT 67, ULM 36",Derrik Smits 16 Pts,Josh Nicholas 12 Pts
Cal Poly CP,#15 San Diego State SDSU,"SDSU 73, CP 57",Malachi Flynn 14 Pts,Kyle Colvin 13 Pts
North Alabama UNA,#17 Florida State FSU,"FSU 88, UNA 71",Malik Osborne 14 Pts,Jamari Blackmon 15 Pts
Central Michigan CMU,Purdue PUR,"PUR 97, CMU 62",Sasha Stefanovic 23 Pts,David DiLeo 12 Pts
American AMER,Georgetown GTWN,"GTWN 80, AMER 60",Omer Yurtseven 17 Pts,Sa'eed Nelson 17 Pts
Long Beach State LBSU,Florida FLA,"FLA 102, LBSU 63",Kerry Blackshear Jr. 21 Pts,Chance Hunter 20 Pts
Youngstown St YSU,IUPUI IUPU,"YSU 83, IUPU 73",Darius Quisenberry 23 Pts,Marcus Burk 16 Pts
Alice Lloyd College ALL,Morehead State MORE,"MORE 102, ALL 46",Malik Riddle 21 Pts,Blake Smith 13 Pts
Piedmont PIED,Western Carolina WCU,"WCU 108, PIED 47",Mason Faulkner 15 Pts,Orry Clements-Owens 11 Pts
Milwaukee MILW,Northern Kentucky NKU,"NKU 74, MILW 64",Tyler Sharpe 31 Pts,Te'Jon Lucas 24 Pts
Milligan MLG,Mercer MER,"MER 104, MLG 53",Ethan Stair 17 Pts,Nathan Hastings 21 Pts
Saint Peter's SPU,Hampton HAMP,"HAMP 70, SPU 67",Benjamin Stanley 33 Pts,Daryl Banks III 17 Pts
Wisconsin WIS,Tennessee TENN,"WIS 68, TENN 48",D'Mitrik Trice 21 Pts,Jalen Johnson 9 Pts
Northeastern NE,Towson TOW,"NE 61, TOW 45",Tyson Walker 17 Pts,Allen Betrand 16 Pts
Bucknell BUCK,La Salle LAS,"LAS 71, BUCK 59",Jared Kimbrough 16 Pts,Jimmy Sotos 17 Pts
Thomas (GA) TUG,UAB UAB,"UAB 82, TUG 49",Jalen Benjamin 14 Pts,Dessan Enzor 11 Pts
Marist MRST,Columbia CLMB,"CLMB 69, MRST 54",Mike Smith 16 Pts,Tyler Sagl 13 Pts
Charleston COFC,Drexel DREX,"COFC 76, DREX 65",Grant Riller 22 Pts,Camren Wynter 21 Pts
Green Bay GB,Wright State WRST,"WRST 90, GB 84",Loudon Love 22 Pts,Amari Davis 18 Pts
Toledo TOL,Bradley BRAD,"BRAD 78, TOL 66",Darrell Brown 29 Pts,Marreon Jackson 14 Pts
Central Arkansas UCA,Marquette MARQ,"MARQ 106, UCA 54",Markus Howard 30 Pts,Rylan Bergersen 10 Pts
Texas Southern TXSO,Arizona State ASU,"ASU 98, TXSO 81",Alonzo Verge Jr. 23 Pts,John Jones 27 Pts
Eastern Michigan EMU,UNLV UNLV,"UNLV 64, EMU 49",Cheikh Mbacke Diong 15 Pts,Ty Groce 12 Pts
Detroit Mercy DET,Oakland OAK,"OAK 78, DET 69",Xavier Hill-Mais 19 Pts,Antoine Davis 24 Pts
Paul Quinn PQ,Stephen F. Austin SFA,"SFA 94, PQ 62",David Kachelries 16 Pts,Mateo Escheik 20 Pts
Eastern Washington EWU,Weber State WEB,"EWU 79, WEB 77",Kim Aiken Jr. 22 Pts,Jerrick Harding 26 Pts
Eastern Kentucky EKU,East Carolina ECU,"ECU 82, EKU 74",Jayden Gardner 25 Pts,Jomaru Brown 25 Pts
Longwood LONG,George Washington GW,"GW 78, LONG 65",Maceo Jack 20 Pts,JaShaun Smith 17 Pts
Hofstra HOF,James Madison JMU,"HOF 82, JMU 76",Eli Pemberton 25 Pts,Matt Lewis 22 Pts
Fairfield FAIR,Wagner WAG,"FAIR 66, WAG 54",Landon Taliaferro 17 Pts,Curtis Cobb III 19 Pts
Doane DOANE,Colorado State CSU,"CSU 87, DOANE 62",David Roddy 17 Pts,Anthony Laravie 20 Pts
Mobile MOB,South Alabama SALA,"SALA 76, MOB 47",Chad Lott 16 Pts,Trenton Short 12 Pts
Our Lady of the Lake LDY,UTSA UTSA,"UTSA 99, LDY 64",Keaton Wallace 30 Pts,Michael Saladan 15 Pts
Eastern Oregon EAQ,Utah State USU,"USU 129, EAQ 61",Brock Miller 25 Pts,Jarek Schetzle 13 Pts
Florida International FIU,Minnesota MINN,"MINN 89, FIU 62",Gabe Kalscheur 23 Pts,Devon Andrews 14 Pts
Cleveland State CLEV,UIC UIC,"UIC 71, CLEV 66",Godwin Boahen 21 Pts,Torrey Patton 22 Pts
Centenary NJ CENT,Long Island University LIU,"LIU 125, CENT 84",Tyrn Flowers 25 Pts,Owen Roberts III 17 Pts
Antelope Valley ANTP,Utah Valley UVU,"UVU 80, ANTP 65",Brandon Averette 19 Pts,Ronnie Rousseau III 18 Pts
Freed-Hardeman FHC,Arkansas State ARST,"ARST 84, FHC 73",Caleb Fields 15 Pts,Konstantin Dotsenko 18 Pts
William Peace WILP,UNC Greensboro UNCG,"UNCG 106, WILP 34",Isaiah Miller 18 Pts,Tyson Sellers 8 Pts
Carver College CARV,Jacksonville State JVST,"JVST 120, CARV 56",De'Torrion Ware 26 Pts,Antonio Gardner 12 Pts
CSU Fullerton CSF,UCLA UCLA,"CSF 77, UCLA 74",Wayne Arnold 19 Pts,Tyger Campbell 18 Pts
Northern Colorado UNCO,Portland State PRST,"PRST 69, UNCO 65",Lamar Hamrick 16 Pts,Bodie Hume 22 Pts
Piedmont International PIU,Charleston Southern CHSO,"CHSO 108, PIU 52",Phlandrous Fleming Jr. 20 Pts,Curtis Coleman Jr 20 Pts
Sacramento State SAC,Montana State MTST,"MTST 66, SAC 51",Harald Frey 18 Pts,Joshua Patton 18 Pts
CSU Northridge CSUN,Boise State BSU,"BSU 103, CSUN 72",Abu Kigab 33 Pts,Lamine Diane 28 Pts
Midland University MID,Creighton CREI,"CREI 91, MID 54",Marcus Zegarowski 19 Pts,Samuel Mailloux 12 Pts
Nebraska Wesleyan NEBW,Wyoming WYO,"WYO 82, NEBW 68",Jake Hendricks 21 Pts,Nate Schimonitz 22 Pts
Texas Wesleyan TW,North Texas UNT,"UNT 102, TW 64",Umoja Gibson 19 Pts,Joe Cook-Green 15 Pts
UNC Wilmington UNCW,Delaware DEL,"DEL 82, UNCW 68",Nate Darling 21 Pts,Marten Linssen 15 Pts
Niagara NIAG,Syracuse SYR,"SYR 71, NIAG 57",Elijah Hughes 19 Pts,Nick MacDonald 11 Pts
Belmont BEL,Western Kentucky WKU,"BEL 79, WKU 62",Tyler Scanlon 18 Pts,Carson Williams 12 Pts
Cumberland (TN) CUMB,Murray State MURR,"MURR 81, CUMB 46",Tevin Brown 24 Pts,Aaron Ridley 14 Pts
Seattle SEA,Saint Mary's SMC,"SMC 84, SEA 58",Dan Fotu 17 Pts,Terrell Brown 22 Pts
Northern Arizona NAU,Montana MONT,"MONT 79, NAU 72",Sayeed Pridgett 27 Pts,Cameron Shelton 17 Pts
Oral Roberts ORU,BYU BYU,"BYU 79, ORU 73",Yoeli Childs 23 Pts,Emmanuel Nzekwesi 23 Pts
Idaho IDHO,Idaho State IDST,"IDST 62, IDHO 60",Austin Smellie 21 Pts,Trevon Allen 18 Pts
Pepperdine PEPP,San José St SJSU,"SJSU 83, PEPP 68",Brae Ivey 23 Pts,Kameron Edwards 19 Pts
UC Riverside UCR,Fresno State FRES,"UCR 60, FRES 57",Arinze Chidom 23 Pts,Orlando Robinson 27 Pts
Pacific PAC,UC Irvine UCI,"UCI 69, PAC 56",Collin Welp 17 Pts,Jahlil Tripp 14 Pts
Morgan State MORG,Loyola Marymount LMU,"MORG 74, LMU 71",Troy Baxter Jr. 27 Pts,Erik Johansson 17 Pts
Ottawa University Arizona OTAZ,California Baptist CBU,"CBU 92, OTAZ 75",Glenn Morison 18 Pts,Dimetres Moore 27 Pts
