
#18 NC State NCST,Miami MIA,"NCST 87, MIA 82",Markell Johnson 20 Pts,Chris Lykes 28 Pts
Illinois ILL,#21 Indiana IND,"IND 73, ILL 65",Romeo Langford 28 Pts,Ayo Dosunmu 20 Pts
Minnesota MINN,#22 Wisconsin WIS,"MINN 59, WIS 52",Amir Coffey 21 Pts,Ethan Happ 17 Pts
#25 Iowa IOWA,Purdue PUR,"PUR 86, IOWA 70",Carsen Edwards 21 Pts,Tyler Cook 24 Pts
Lincoln PA LIN,Morgan State MORG,"LIN 77, MORG 75",Deaquan Williams 16 Pts,Sherwyn Devonish-Prince Jr. 17 Pts
Southern Miss USM,Rice RICE,"RICE 73, USM 65",Ako Adams 16 Pts,Tyree Griffin 17 Pts
Siena SIE,Saint Peter's SPU,"SPU 65, SIE 60",Davauhnte Turner 21 Pts,Evan Fisher 23 Pts
LIU Brooklyn LIU,Sacred Heart SHU,"SHU 79, LIU 75",E.J. Anosike 19 Pts,Raiquan Clark 28 Pts
St. Francis (BKN) SFBK,Bryant BRY,"BRY 76, SFBK 66",SaBastian Townes 28 Pts,Jalen Jordan 14 Pts
Marshall MRSH,Old Dominion ODU,"MRSH 70, ODU 67",Jon Elmore 20 Pts,B.J. Stith 27 Pts
Colgate COLG,Navy NAVY,"NAVY 72, COLG 66",George Kiernan 20 Pts,Jordan Burns 14 Pts
Chattanooga UTC,Western Carolina WCU,"UTC 73, WCU 62",Kevin Easley 21 Pts,Carlos Dotson 18 Pts
The Citadel CIT,Wofford WOF,"WOF 112, CIT 81",Fletcher Magee 24 Pts,Zane Najdawi 18 Pts
Edward Waters EAU,Stetson STET,"STET 72, EAU 65",Marques Sumner 13 Pts,Jontavius Littles 20 Pts
Charleston COFC,Towson TOW,"COFC 67, TOW 55",Grant Riller 24 Pts,Jordan McNeil 14 Pts
William & Mary W&M,Delaware DEL,"DEL 58, W&M 56",Ithiel Horton 15 Pts,Matt Milon 19 Pts
Elon ELON,Drexel DREX,"DREX 79, ELON 65",Troy Harper 21 Pts,Nathan Priddy 14 Pts
UNC Wilmington UNCW,James Madison JMU,"UNCW 86, JMU 83 (2OT)",Jeantal Cylla 24 Pts,Matt Lewis 22 Pts
Quinnipiac QUIN,Manhattan MAN,"QUIN 63, MAN 59",Cameron Young 15 Pts,Tykei Greene 13 Pts
Canisius CAN,Marist MRST,"CAN 75, MRST 72",Takal Molson 19 Pts,Isaiah Lamb 21 Pts
Monmouth MONM,Iona IONA,"IONA 103, MONM 84",Rickey McGill 29 Pts,Deion Hammond 22 Pts
Rider RID,Fairfield FAIR,"RID 83, FAIR 82",Stevie Jordan 19 Pts,Landon Taliaferro 29 Pts
Wagner WAG,Central Connecticut CCSU,"WAG 80, CCSU 58",Elijah Davis 19 Pts,Joe Hugley 14 Pts
Fairleigh Dickinson FDU,Robert Morris RMU,"RMU 69, FDU 62",Charles Bain 15 Pts,Mike Holloway Jr. 18 Pts
Mt. St. Mary's MSM,St. Francis (PA) SFPA,"SFPA 80, MSM 69",Jamaal King 25 Pts,Omar Habwe 21 Pts
Northern Kentucky NKU,Oakland OAK,"OAK 76, NKU 74",Xavier Hill-Mais 32 Pts,Jalen Tate 14 Pts
Mercer MER,Furman FUR,"FUR 71, MER 58",Matt Rafferty 19 Pts,Djordje Dimitrijevic 15 Pts
Wright State WRST,Detroit Mercy DET,"DET 79, WRST 58",Antoine Davis 48 Pts,Loudon Love 15 Pts
Samford SAM,East Tennessee State ETSU,"ETSU 81, SAM 72 (OT)",Tray Boyd III 22 Pts,Ruben Guerrero 16 Pts
Holy Cross HC,Loyola (MD) L-MD,"HC 80, L-MD 73",Jehyve Floyd 20 Pts,Andrew Kostecka 29 Pts
Coastal Carolina CCU,Troy TROY,"CCU 88, TROY 75",Tyrell Gumbs-Frater 20 Pts,Charles Norman 16 Pts
Western Kentucky WKU,Charlotte CHAR,"WKU 68, CHAR 50",Jared Savage 13 Pts,Jon Davis 24 Pts
Florida International FIU,Middle Tennessee MTSU,"FIU 83, MTSU 76",Brian Beard Jr. 28 Pts,Antonio Green 23 Pts
George Mason GMU,Saint Joseph's JOES,"GMU 85, JOES 60",Justin Kier 18 Pts,Charlie Brown Jr. 17 Pts
South Dakota State SDST,Purdue Fort Wayne PFW,"PFW 104, SDST 88",John Konchar 23 Pts,Mike Daum 29 Pts
North Dakota UND,Oral Roberts ORU,"ORU 83, UND 72",Emmanuel Nzekwesi 34 Pts,Conner Avants 21 Pts
Georgia State GAST,UT Arlington UTA,"GAST 63, UTA 58",D'Marcus Simonds 15 Pts,David Azore 13 Pts
Appalachian State APP,South Alabama SALA,"SALA 79, APP 73",Rodrick Sikes 21 Pts,Ronshad Shabazz 21 Pts
Arkansas State ARST,Louisiana UL,"ARST 94, UL 83",Marquis Eaton 24 Pts,Marcus Stroman 25 Pts
Louisiana Tech LT,North Texas UNT,"UNT 63, LT 59",Zachary Simmons 16 Pts,DaQuan Bracey 22 Pts
Utah UTAH,Arizona State ASU,"UTAH 96, ASU 86",Sedrick Barefield 24 Pts,Remy Martin 22 Pts
Utah Valley UVU,Grand Canyon GCU,"GCU 71, UVU 60",Matt Jackson 19 Pts,Ben Nakwaasah 15 Pts
Little Rock UALR,UL Monroe ULM,"ULM 97, UALR 84",Daishon Smith 42 Pts,Ryan Pippins 19 Pts
Florida Atlantic FAU,UAB UAB,"UAB 67, FAU 50",Jeremiah Bell 14 Pts,Anthony Adger 18 Pts
Georgia Southern GASO,Texas State TXST,"TXST 73, GASO 70",Tre'Larenz Nottingham 24 Pts,Simeon Carter 20 Pts
Cleveland State CLEV,Milwaukee MILW,"MILW 83, CLEV 76",Darius Roy 24 Pts,Tyree Appleby 33 Pts
Youngstown St YSU,Green Bay GB,"GB 99, YSU 93 (OT)",JayQuan McCloud 24 Pts,Darius Quisenberry 24 Pts
UTEP UTEP,UTSA UTSA,"UTSA 75, UTEP 60",Keaton Wallace 23 Pts,Nigel Hawkins 21 Pts
Morehead State MORE,Murray State MURR,"MURR 90, MORE 69",Darnell Cowart 20 Pts,Lamontray Harris 19 Pts
UT Martin UTM,Eastern Illinois EIU,"EIU 92, UTM 87 (OT)",Josiah Wallace 27 Pts,Preston Parks 21 Pts
Tennessee Tech TNTC,Tennessee State TNST,"TNTC 66, TNST 64",Jr. Clay 23 Pts,Armani Chaney 15 Pts
Northern Arizona NAU,Weber State WEB,"WEB 77, NAU 52",Brekkott Chapman 17 Pts,Bernie Andre 10 Pts
Jacksonville State JVST,Belmont BEL,"JVST 83, BEL 73",Jason Burnell 19 Pts,Dylan Windler 23 Pts
Eastern Kentucky EKU,Austin Peay APSU,"APSU 93, EKU 75",Jarrett Givens 25 Pts,Jomaru Brown 26 Pts
Colorado COLO,Arizona ARIZ,"ARIZ 64, COLO 56",Brandon Williams 14 Pts,McKinley Wright IV 17 Pts
Portland State PRST,Montana State MTST,"MTST 98, PRST 88",Tyler Hall 32 Pts,Holland Woods 17 Pts
Saint Mary's SMC,San Francisco SF,"SF 76, SMC 72",Frankie Ferrari 19 Pts,Jordan Ford 24 Pts
Southern Utah SUU,Idaho State IDST,"IDST 88, SUU 68",Brandon Boyd 20 Pts,Cameron Oluyitan 12 Pts
Sacramento State SAC,Montana MONT,"MONT 87, SAC 56",Jamar Akoh 21 Pts,Marcus Graves 10 Pts
SE Missouri St SEMO,SIU-Edwardsville SIUE,"SIUE 94, SEMO 88",Cameron Williams 27 Pts,Skyler Hogan 18 Pts
Wichita State WICH,Memphis MEM,"MEM 85, WICH 74",Kyvon Davenport 25 Pts,Markis McDuffie 19 Pts
San Diego USD,Santa Clara SCU,"SCU 68, USD 56",Tahj Eaddy 30 Pts,Tyler Williams 19 Pts
Loyola Marymount LMU,Pepperdine PEPP,"PEPP 77, LMU 62",Jade' Smith 15 Pts,Eli Scott 18 Pts
California CAL,USC USC,"USC 82, CAL 73",Nick Rakocevic 27 Pts,Justice Sueing 16 Pts
New Mexico State NMSU,California Baptist CBU,"CBU 82, NMSU 76",Milan Acquaah 36 Pts,Terrell Brown 22 Pts
Seattle SEA,CSU Bakersfield CSB,"CSB 83, SEA 71",Damiyne Durham 20 Pts,Terrell Brown 18 Pts
UT Rio Grande Valley RIO,UC Irvine UCI,"UCI 85, RIO 74",Max Hazzard 23 Pts,Tyson Smith 16 Pts
Eastern Washington EWU,Idaho IDHO,"IDHO 74, EWU 71",Trevon Allen 25 Pts,Mason Peatling 17 Pts
Stanford STAN,UCLA UCLA,"UCLA 92, STAN 70",Moses Brown 17 Pts,KZ Okpala 22 Pts
BYU BYU,Pacific PAC,"BYU 90, PAC 87",TJ Haws 24 Pts,Roberto Gallinat 22 Pts
