
Utah Valley UVU,#9 Kentucky UK,"UK 82, UVU 74",Ashton Hagans 26 Pts,TJ Washington 22 Pts
Stetson STET,#10 Ohio State OSU,"OSU 86, STET 51",Kyle Young 15 Pts,Rob Perry 17 Pts
UTSA UTSA,#15 Utah State USU,"USU 82, UTSA 50",Sam Merrill 21 Pts,Jhivvan Jackson 15 Pts
Colgate COLG,#19 Auburn AUB,"AUB 91, COLG 62",Samir Doughty 20 Pts,Jordan Burns 18 Pts
UC Irvine UCI,#23 Colorado COLO,"COLO 69, UCI 53",Tyler Bey 16 Pts,Collin Welp 12 Pts
Bryant BRY,Niagara NIAG,"BRY 73, NIAG 62",Adam Grant 17 Pts,James Towns 21 Pts
South Carolina Upstate SCUS,Akron AKR,"AKR 76, SCUS 45",Loren Cristian Jackson 18 Pts,Tommy Bruner 8 Pts
Siena Heights SH,Central Michigan CMU,"CMU 115, SH 58",Dallas Morgan 27 Pts,DeMarco Dickerson 13 Pts
SMU SMU,Evansville EVAN,"SMU 59, EVAN 57",Tyson Jolly 15 Pts,DeAndre Williams 13 Pts
Northern Colorado UNCO,West Virginia WVU,"WVU 69, UNCO 61",Jermaine Haley 18 Pts,Bodie Hume 18 Pts
Presbyterian PRE,Notre Dame ND,"ND 63, PRE 53",Rex Pflueger 13 Pts,Cory Hightower 15 Pts
William & Mary W&M,Oklahoma OKLA,"OKLA 75, W&M 70",Kristian Doolittle 19 Pts,Nathan Knight 30 Pts
Carver College CARV,Troy TROY,"TROY 84, CARV 57",Davion Thomas 14 Pts,Terrance Boykin 18 Pts
Appalachian State APP,UNC Greensboro UNCG,"UNCG 55, APP 41",Kaleb Hunter 14 Pts,Kendall Lewis 11 Pts
Long Island University LIU,Delaware State DSU,"LIU 92, DSU 84",Raiquan Clark 25 Pts,John Crosby 32 Pts
Wilberforce WILB,South Carolina State SCST,"SCST 103, WILB 79",Zacchaeus Sellers 15 Pts,Isiah Jones 26 Pts
Monmouth MONM,Pittsburgh PITT,"PITT 63, MONM 50",Trey McGowens 16 Pts,Mustapha Traore 12 Pts
Middle Tennessee MTSU,Coastal Carolina CCU,"CCU 93, MTSU 72",DeVante Jones 21 Pts,C.J. Jones 21 Pts
Trinity Baptist TRI,North Florida UNF,"UNF 115, TRI 39",J.T. Escobar 23 Pts,Kenton Bibbs 9 Pts
Hartford HART,Oakland OAK,"OAK 60, HART 50",Xavier Hill-Mais 17 Pts,Hunter Marks 11 Pts
Fairleigh Dickinson FDU,Army ARMY,"ARMY 81, FDU 65",Lonnie Grayson 19 Pts,Elyjah Williams 15 Pts
High Point HPU,Belmont BEL,"BEL 90, HPU 51",Adam Kunkel 14 Pts,John-Michael Wright 11 Pts
Ecclesia College ECC,Southern SOU,"SOU 121, ECC 55",Damiree Burns 33 Pts,Zachary McGee 15 Pts
Arlington Baptist AAY,McNeese MCN,"MCN 103, AAY 51",Sha'markus Kennedy 22 Pts,Tra Mallard 11 Pts
Misericordia MISE,Lehigh LEH,"LEH 87, MISE 68",James Karnik 18 Pts,Tony Harding 18 Pts
Longwood LONG,Northern Illinois NIU,"NIU 65, LONG 48",Darius Beane 14 Pts,Jordan Cintron 15 Pts
Hawai'i HAW,Illinois ILL,"ILL 66, HAW 53",Kofi Cockburn 15 Pts,Zigmars Raimo 16 Pts
Wofford WOF,Missouri MIZ,"MIZ 75, WOF 56",Mark Smith 19 Pts,Nathan Hoover 21 Pts
Bacone BKN,UMKC UMKC,"UMKC 111, BKN 38",Javan White 24 Pts,Cratezz Graves 10 Pts
SIU-Edwardsville SIUE,South Dakota SDAK,"SDAK 71, SIUE 56",Tyler Peterson 15 Pts,Zeke Moore 15 Pts
IU-Northwest INW,Eastern Illinois EIU,"EIU 114, INW 61",Mack Smith 17 Pts,Chris Robinson 17 Pts
Campbellsville CAI,Western Kentucky WKU,"WKU 109, CAI 66",Carson Williams 27 Pts,David Simmons 13 Pts
Jackson State JKST,Texas State TXST,"TXST 73, JKST 58",Isiah Small 20 Pts,Tristan Jarrett 18 Pts
Fisk FISK,Tennessee State TNST,"TNST 99, FISK 65",Emmanuel Egbuta 15 Pts,Brandon Odell 15 Pts
Montana Tech MT,Montana MONT,"MT 74, MONT 72",Sindou Diallo 24 Pts,Kendal Manuel 25 Pts
Air Force AFA,TCU TCU,"TCU 65, AFA 54",Kevin Samuel 19 Pts,Ryan Swan 9 Pts
Prairie View A&M PV,California CAL,"CAL 54, PV 50",Matt Bradley 16 Pts,Faite Williams 12 Pts
Abilene Christian ACU,UNLV UNLV,"UNLV 72, ACU 58",Amauri Hardy 25 Pts,Joe Pleasant 11 Pts
Southern Utah SUU,UCLA UCLA,"UCLA 76, SUU 61",Chris Smith 20 Pts,John Knight III 14 Pts
